CASE_ID,ACCIDENT_YEAR,PROC_DATE,JURIS,COLLISION_DATE,COLLISION_TIME,OFFICER_ID,REPORTING_DISTRICT,DAY_OF_WEEK,CHP_SHIFT,POPULATION,CNTY_CITY_LOC,SPECIAL_COND,BEAT_TYPE,CHP_BEAT_TYPE,CITY_DIVISION_LAPD,CHP_BEAT_CLASS,BEAT_NUMBER,PRIMARY_RD,SECONDARY_RD,DISTANCE,DIRECTION,INTERSECTION,WEATHER_1,WEATHER_2,STATE_HWY_IND,CALTRANS_COUNTY,CALTRANS_DISTRICT,STATE_ROUTE,ROUTE_SUFFIX,POSTMILE_PREFIX,POSTMILE,LOCATION_TYPE,RAMP_INTERSECTION,SIDE_OF_HWY,TOW_AWAY,COLLISION_SEVERITY,NUMBER_KILLED,NUMBER_INJURED,PARTY_COUNT,PRIMARY_COLL_FACTOR,PCF_CODE_OF_VIOL,PCF_VIOL_CATEGORY,PCF_VIOLATION,PCF_VIOL_SUBSECTION,HIT_AND_RUN,TYPE_OF_COLLISION,MVIW,PED_ACTION,ROAD_SURFACE,ROAD_COND_1,ROAD_COND_2,LIGHTING,CONTROL_DEVICE,CHP_ROAD_TYPE,PEDESTRIAN_ACCIDENT,BICYCLE_ACCIDENT,MOTORCYCLE_ACCIDENT,TRUCK_ACCIDENT,NOT_PRIVATE_PROPERTY,ALCOHOL_INVOLVED,STWD_VEHTYPE_AT_FAULT,CHP_VEHTYPE_AT_FAULT,COUNT_SEVERE_INJ,COUNT_VISIBLE_INJ,COUNT_COMPLAINT_PAIN,COUNT_PED_KILLED,COUNT_PED_INJURED,COUNT_BICYCLIST_KILLED,COUNT_BICYCLIST_INJURED,COUNT_MC_KILLED,COUNT_MC_INJURED,PRIMARY_RAMP,SECONDARY_RAMP,LATITUDE,LONGITUDE,COUNTY,CITY,POINT_X,POINT_Y
9629776,2023,2023-10-27,103,2023-09-01,1741,7,22,5,5,6,103,0,0,0,,0,3,UNIVERSITY,ACTION,0.00,,Y,A,-,N,,,,,,,,,,Y,3,0,2,2,A,-,12,21453,A,N,D,C,A,A,H,-,A,A,0,,,,,Y,,A,1,0,1,1,0,0,0,0,0,0,- ,- ,37.870109558105500,-122.28424835205100,ALAMEDA,BERKELEY,-122.28426361084000,37.870182037353500
9629777,2023,2023-10-30,103,2023-09-09,1400,17,,6,5,6,103,0,0,0,,0,2,HENRY,ROSE,0.00,,Y,A,-,N,,,,,,,,,,N,4,0,1,3,A,-,3,22350,,N,B,B,E,A,H,-,A,D,0,Y,,,,Y,,A,1,0,0,1,0,1,0,0,0,0,- ,- ,37.88153076171880,-122.27089691162100,ALAMEDA,BERKELEY,-122.27069854736300,37.881900787353500
9629781,2023,2023-11-07,103,2023-09-08,1925,55,,5,5,6,103,0,0,0,,0,1,MARIN,LOS ANGELES,0.00,,Y,A,-,N,,,,,,,,,,N,2,0,1,2,A,-,5,21650,,N,A,G,A,A,H,-,A,D,0,,Y,,,Y,Y,L,4,1,0,0,0,0,0,1,0,0,- ,- ,37.8902587890625,-122.27218627929700,ALAMEDA,BERKELEY,-122.272216796875,37.890186309814500
9629785,2023,2023-10-27,103,2023-09-07,2040,33,,4,5,6,103,0,0,0,,0,12,UNIVERSITY,W FRONTAGE,0.00,,Y,A,-,N,,,,,,,,,,Y,3,0,1,2,A,-,12,22450,A,N,C,C,A,A,H,-,C,A,0,,,,,Y,,A,1,0,1,0,0,0,0,0,0,0,- ,- ,37.866439819335900,-122.30555725097700,ALAMEDA,BERKELEY,-122.30553436279300,37.866348266601600
9629789,2023,2023-10-27,103,2023-09-06,2140,52,,3,5,6,103,0,0,0,,0,6,DURANT,BOWDITCH,0.00,,Y,A,-,N,,,,,,,,,,N,3,0,1,2,A,-,10,21950,A,F,G,B,B,A,H,-,C,A,0,Y,,,,Y,,A,1,0,1,0,0,1,0,0,0,0,- ,- ,37.868110656738300,-122.25670623779300,ALAMEDA,BERKELEY,-122.2567138671880,37.868110656738300
9629794,2023,2023-10-27,103,2023-09-19,1523,112,,2,5,6,103,0,0,0,,0,2,HEARST,MILVIA,0.00,,Y,A,-,N,,,,,,,,,,N,3,0,1,2,A,-,8,22107,,N,B,C,A,A,H,-,A,A,0,,,,,Y,,A,1,0,1,0,0,0,0,0,0,0,- ,- ,37.873859405517600,-122.27078247070300,ALAMEDA,BERKELEY,-122.27088928222700,37.873592376709000
9629797,2023,2023-10-30,103,2023-09-13,730,S29,20,3,5,6,103,0,0,0,,0,13,GILMAN,6TH,0.00,,Y,A,-,N,,,,,,,,,,N,3,0,2,2,A,-,12,21453,A,N,D,C,A,A,H,-,A,A,0,,,,,Y,,A,1,0,2,0,0,0,0,0,0,0,- ,- ,,,ALAMEDA,BERKELEY,-122.30135345459000,37.879360198974600
9629798,2023,2023-10-27,103,2023-09-20,1212,112,,3,5,6,103,0,0,0,,0,14,GILMAN,NORTHSIDE AV,65.00,E,N,A,-,N,,,,,,,,,,Y,4,0,1,2,A,-,17,22517,,N,B,C,A,A,H,-,A,A,0,,,,,Y,,A,1,0,0,1,0,0,0,0,0,0,- ,- ,37.880901336669900,-122.28856658935500,ALAMEDA,BERKELEY,-122.28852081298800,37.881084442138700
9629808,2023,2023-10-27,103,2023-09-30,1544,160,4004,6,5,6,103,0,0,0,,0,9,ALCATRAZ,ADELINE,0.00,,Y,A,-,N,,,,,,,,,,Y,4,0,1,2,A,-,12,21453,A,N,D,C,A,A,H,-,A,A,0,,,,,Y,,A,1,0,0,1,0,0,0,0,0,0,- ,- ,37.848751068115200,-122.27144622802700,ALAMEDA,BERKELEY,-122.27153015136700,37.848724365234400
9629809,2023,2023-10-27,103,2023-09-29,1627,42,,5,5,6,103,0,0,0,,0,2,CEDAR,SACRAMENTO ST,80.00,E,N,A,-,N,,,,,,,,,,Y,3,0,1,2,A,-,9,21804,A,N,B,C,A,A,H,-,A,D,0,,,,,Y,,A,1,0,1,0,0,0,0,0,0,0,- ,- ,37.876689910888700,-122.28265380859400,ALAMEDA,BERKELEY,-122.28246307373000,37.876701354980500
9629810,2023,2023-10-27,103,2023-09-29,1810,69,22,5,5,6,103,0,0,0,,0,3,UNIVERSITY,WEST,0.00,,Y,A,-,N,,,,,,,,,,N,3,0,1,2,A,-,12,21453,A,N,D,G,A,A,H,-,A,A,0,,Y,,,Y,,A,1,0,1,0,0,0,0,1,0,0,- ,- ,37.869819641113300,-122.28655242919900,ALAMEDA,BERKELEY,-122.28652191162100,37.869876861572300
9629811,2023,2023-10-27,103,2023-09-28,820,136,,4,5,6,103,0,0,0,,0,2,CEDAR,CALIFORNIA,0.00,,Y,A,-,N,,,,,,,,,,N,3,0,1,2,A,-,10,21950,A,N,G,B,B,A,H,-,A,D,0,Y,,,,Y,,A,1,0,1,0,0,1,0,0,0,0,- ,- ,37.876850128173800,-122.28025054931600,ALAMEDA,BERKELEY,-122.28046417236300,37.876949310302700
9629812,2023,2023-10-27,103,2023-09-27,2205,43,,3,5,6,103,0,0,0,,0,4,KITTREDGE,SHATTUCK,0.00,,Y,A,-,N,,,,,,,,,,N,3,0,1,1,A,-,3,22350,,N,H,I,A,A,H,-,C,A,0,,,Y,,Y,,C,2,0,1,0,0,0,0,0,0,1,- ,- ,37.868488311767600,-122.26786804199200,ALAMEDA,BERKELEY,-122.26793670654300,37.868480682373000
9629813,2023,2023-10-27,103,2023-09-27,1145,107,29,3,5,6,103,0,0,0,,0,5,CENTER,MILVIA,0.00,,Y,A,-,N,,,,,,,,,,N,3,0,1,2,A,-,9,21801,A,N,D,G,A,A,H,-,A,A,0,,Y,,,Y,,A,1,0,1,0,0,0,0,1,0,0,- ,- ,37.869979858398400,-122.27055358886700,ALAMEDA,BERKELEY,-122.27054595947300,37.869956970214800
9629814,2023,2023-10-27,103,2023-09-27,1120,107,35,3,5,6,103,0,0,0,,0,9,MARTIN LUTHER KING JR,STUART,0.00,,Y,A,-,N,,,,,,,,,,N,3,0,1,2,A,-,9,21802,A,N,D,C,A,A,H,-,A,A,0,,,,,Y,,A,1,0,1,0,0,0,0,0,0,0,- ,- ,37.857379913330100,-122.27168273925800,ALAMEDA,BERKELEY,-122.27152252197300,37.857959747314500
9629815,2023,2023-10-27,103,2023-09-24,1556,S19,,7,5,6,103,0,0,0,,0,1,MARIN,THE CIRCLE,0.00,,Y,A,-,N,,,,,,,,,,Y,3,0,1,2,A,-,3,22350,,N,C,C,A,A,H,-,A,A,0,,,,,Y,,A,1,0,1,0,0,0,0,0,0,0,- ,- ,37.890048980712900,-122.27249145507800,ALAMEDA,BERKELEY,-122.27249145507800,37.890052795410200
9629816,2023,2023-10-27,103,2023-09-24,1455,S27,,7,5,6,103,0,0,0,,0,11,DWIGHT CRES,10TH ST,0.00,,Y,A,-,N,,,,,,,,,,N,3,0,1,2,A,-,9,21802,A,N,D,G,A,A,-,-,A,A,0,,Y,,,Y,,L,4,0,1,0,0,0,0,1,0,0,- ,- ,37.860858917236300,-122.29070281982400,ALAMEDA,BERKELEY,-122.29071044921900,37.860866546630900
9629817,2023,2023-10-27,103,2023-09-21,2332,145,,4,5,6,103,0,0,0,,0,5,BLAKE,MARTIN LUTHER KING JR,0.00,,Y,A,-,N,,,,,,,,,,N,3,0,1,1,A,-,3,22350,,N,E,I,A,A,H,-,C,A,0,,Y,,,Y,,L,4,0,1,0,0,0,0,1,0,0,- ,- ,37.862449645996100,-122.27200317382800,ALAMEDA,BERKELEY,-122.27201080322300,37.862442016601600
9631272,2023,2023-11-13,103,2023-05-09,2233,70,,2,5,6,103,0,0,0,,0,9,ASHBY AV,MARTIN LUTHER KING JR WY,6.00,E,N,A,-,Y,ALA,4,13,-,-,12.310,H,-,N,N,3,0,1,2,A,-,3,22350,,N,C,C,A,-,H,-,C,A,0,,,Y,,Y,,A,1,0,1,0,0,0,0,0,0,1,- ,- ,37.854320526123000,-122.27108001709000,ALAMEDA,BERKELEY,-122.27091217041000,37.854312896728500
9637371,2023,2024-02-23,103,2023-10-04,1803,104,,3,5,6,103,0,0,0,,0,14,SAN PABLO AV,DELAWARE ST,0.00,,Y,A,-,Y,ALA,4,123,-,-,3.340,I,5,S,N,3,0,1,2,A,-,12,21453,A,N,D,G,A,A,H,-,A,A,0,,Y,,,Y,,A,1,0,1,0,0,0,0,1,0,0,- ,- ,37.871688842773400,-122.29296112060500,ALAMEDA,BERKELEY,-122.29305267334000,37.871688842773400
9637375,2023,2024-02-23,103,2023-10-05,1349,112,,4,5,6,103,0,0,0,,0,9,TELEGRAPH AV,RT 13,0.00,,Y,A,-,Y,ALA,4,13,-,-,11.610,I,5,S,N,2,0,1,2,A,-,9,21801,A,N,D,C,A,A,H,-,A,A,0,,,Y,,Y,,A,7,1,0,0,0,0,0,0,0,1,- ,- ,37.856189727783200,-122.25966644287100,ALAMEDA,BERKELEY,-122.25969696044900,37.856155395507800
9637418,2023,2024-02-23,103,2023-10-06,1446,26,,5,5,6,103,0,0,0,,0,11,SAN PABLO AV,CARLETON ST,0.00,,Y,A,-,Y,ALA,4,123,-,-,2.370,I,5,N,Y,3,0,1,2,A,-,9,21802,A,N,D,C,A,A,H,-,A,A,0,,,,,Y,,A,1,0,1,0,0,0,0,0,0,0,- ,- ,37.859359741210900,-122.28888702392600,ALAMEDA,BERKELEY,-122.28855895996100,37.858100891113300
9637422,2023,2024-02-23,103,2023-10-13,57,32,,5,5,6,103,0,0,0,,0,9,MARTIN LUTHER KING JR WY,ASHBY AV,0.00,,Y,A,-,Y,ALA,4,13,-,-,12.320,I,5,N,Y,2,0,2,1,A,-,3,22350,,N,E,I,A,A,H,-,C,A,0,,,,,Y,,A,1,2,0,0,0,0,0,0,0,0,- ,- ,37.854320526123000,-122.27108001709000,ALAMEDA,BERKELEY,-122.27113342285200,37.854282379150400
9637426,2023,2024-02-23,103,2023-10-17,1457,84,38,2,5,6,103,0,0,0,,0,7,TUNNEL RD,TUNNEL RD 97,0.00,,-,A,-,Y,ALA,4,13,-,-,10.460,H,-,N,Y,3,0,2,2,A,-,3,22350,,N,A,C,A,A,H,-,A,D,0,,,,,Y,,A,1,0,2,0,0,0,0,0,0,0,- ,- ,37.862701416015600,-122.24033355712900,ALAMEDA,BERKELEY,-122.240478515625,37.856105804443400
9637430,2023,2024-02-23,103,2023-10-18,1148,144,,3,5,6,103,0,0,0,,0,11,SAN PABLO AV,RUSSELL,0.00,,Y,A,-,Y,ALA,4,123,-,-,2.020,I,5,S,N,3,0,1,2,A,-,3,22350,,N,C,C,A,A,H,-,A,D,0,,,Y,,Y,,C,2,0,1,0,0,0,0,0,0,1,- ,- ,,,ALAMEDA,BERKELEY,-122.28726959228500,37.853588104248000
9637434,2023,2024-02-23,103,2023-10-21,1134,61,32,6,5,6,103,0,0,0,,0,11,SAN PABLO AV,CHANNING WY,0.00,,Y,A,-,Y,ALA,4,123,-,-,2.700,I,5,S,N,3,0,1,2,A,-,9,21802,,N,G,C,A,A,H,-,A,D,0,,,,,Y,,M,94,0,1,0,0,0,0,0,0,0,- ,- ,37.862850189209000,-122.29010772705100,ALAMEDA,BERKELEY,-122.29021453857400,37.862869262695300
9637438,2023,2024-02-23,103,2023-10-27,1929,110,,5,5,6,103,0,0,0,,0,9,ASHBY AV,SHATTUCK AV,0.00,,Y,A,-,Y,ALA,4,13,-,-,12.058,I,5,S,Y,4,0,1,2,A,-,8,22107,,N,D,D,A,A,H,-,C,A,0,,,,,Y,,A,1,0,0,1,0,0,0,0,0,0,- ,- ,37.855300903320300,-122.26648712158200,ALAMEDA,BERKELEY,-122.26652526855500,37.855300903320300
9641152,2023,2024-02-23,103,2023-10-03,854,112,,2,5,6,103,0,0,0,,0,12,RT 123,CHANNING WY,0.00,,Y,A,-,Y,ALA,4,123,-,-,2.700,I,5,S,Y,3,0,1,3,A,-,3,22350,,F,C,C,A,-,H,-,A,A,0,,,,,Y,,D,22,0,1,0,0,0,0,0,0,0,- ,- ,37.862850189209000,-122.29010772705100,ALAMEDA,BERKELEY,-122.29021453857400,37.862869262695300
9641156,2023,2023-12-07,103,2023-10-03,935,141,,2,5,6,103,0,0,0,,0,5,MILVIA ST,CHANNING WY,0.00,,Y,A,-,N,,,,,,,,,,N,3,0,1,2,A,-,12,22450,A,N,D,G,A,A,H,-,A,D,0,,Y,,,Y,,-,- ,0,1,0,0,0,0,1,0,0,- ,- ,37.865451812744100,-122.26999664306600,ALAMEDA,BERKELEY,-122.27005767822300,37.865447998046900
9641160,2023,2023-12-07,103,2023-10-04,1145,94,26,3,5,6,103,0,0,0,,0,6,BANCROFT,DANA,216.00,W,N,A,-,N,,,,,,,,,,N,3,0,1,2,A,-,8,22107,,N,D,B,E,A,H,-,A,D,0,Y,,,,Y,,D,22,0,1,0,0,1,0,0,0,0,- ,- ,37.868408203125,-122.26145172119100,ALAMEDA,BERKELEY,-122.26219940185500,37.868339538574200
9641381,2023,2023-12-23,103,2023-10-31,1822,7,33,2,5,6,103,0,0,0,,0,10,DERBY,MABEL ST,142.00,W,N,A,-,N,,,,,,,,,,N,2,0,1,2,A,-,11,21950,B,F,G,B,D,A,H,-,B,A,0,Y,,,,Y,,N,60,1,0,0,0,1,0,0,0,0,- ,- ,37.858219146728500,-122.28553009033200,ALAMEDA,BERKELEY,-122.28520965576200,37.858043670654300
9641382,2023,2023-12-30,103,2023-10-21,1710,7,,6,5,6,103,0,0,0,,0,2,HEARST AV,CALIFORNIA ST,180.00,W,N,A,-,N,,,,,,,,,,Y,3,0,1,4,A,-,1,23152,A,M,C,E,A,A,H,-,A,D,0,,,,,Y,Y,A,1,0,1,0,0,0,0,0,0,0,- ,- ,37.872238159179700,-122.28163146972700,ALAMEDA,BERKELEY,-122.28057098388700,37.872352600097700
9641383,2023,2023-12-30,103,2023-10-29,2133,20,28,7,5,6,103,0,0,0,,0,6,DURANT AV,TELEGRAPH AV,0.00,,Y,A,-,N,,,,,,,,,,Y,3,0,2,2,A,-,12,21453,A,N,D,C,A,A,H,-,C,A,0,,,,,Y,,A,1,0,2,0,0,0,0,0,0,0,- ,- ,37.867809295654300,-122.25897979736300,ALAMEDA,BERKELEY,-122.25901794433600,37.867805480957000
9641384,2023,2023-12-23,103,2023-10-30,1630,,,1,5,6,103,0,0,0,,0,5,ALLSTON WY,GRANT ST,0.00,,Y,A,-,N,,,,,,,,,,N,3,0,1,1,A,-,3,22350,,N,E,I,A,-,H,-,A,D,0,,,,,Y,,M,94,0,1,0,0,0,0,0,0,0,- ,- ,37.867630004882800,-122.28060150146500,ALAMEDA,BERKELEY,-122.27507019043000,37.868446350097700
9641385,2023,2023-12-30,103,2023-10-27,1230,150,,5,5,6,103,0,0,0,,0,6,FULTON ST,CHANNING WY,0.00,,Y,A,-,N,,,,,,,,,,Y,3,0,1,2,A,-,3,22350,,N,D,C,A,A,H,-,A,A,0,,,,,Y,,A,1,0,1,0,0,0,0,0,0,0,- ,- ,37.8603515625,-122.26561737060500,ALAMEDA,BERKELEY,-122.26561737060500,37.866031646728500
9641386,2023,2023-12-30,103,2023-10-28,2329,10,32,6,5,6,103,0,0,0,,0,12,ADDISON ST,6TH ST,0.00,,Y,A,-,N,,,,,,,,,,N,3,0,1,2,A,-,4,21703,,N,C,C,A,A,H,-,B,D,0,,,,,Y,,A,1,0,1,0,0,0,0,0,0,0,- ,- ,37.866710662841800,-122.29724884033200,ALAMEDA,BERKELEY,-122.29727172851600,37.866706848144500
9641387,2023,2023-12-30,103,2023-10-26,1347,112,,4,5,6,103,0,0,0,,0,2,HEARST AV,WALNUT ST,100.00,E,N,A,-,N,,,,,,,,,,N,2,0,1,2,A,-,11,21950,B,N,G,B,D,A,H,-,A,A,0,Y,Y,,,Y,,N,60,1,0,0,0,0,0,1,0,0,- ,- ,37.874179840087900,-122.26802062988300,ALAMEDA,BERKELEY,-122.26715850830100,37.874038696289100
9641388,2023,2023-12-30,103,2023-10-27,101,145,,5,5,6,103,0,0,0,,0,5,SHATTUCK AV,DWIGHT WY,0.00,,Y,A,-,N,,,,,,,,,,N,3,0,1,2,A,-,12,21457,A,N,D,C,A,A,H,-,C,A,0,,,,,Y,,A,1,0,1,0,0,0,0,0,0,0,- ,- ,37.863971710205100,-122.26735687255900,ALAMEDA,BERKELEY,-122.26741027832000,37.863971710205100
9641389,2023,2023-12-30,103,2023-10-26,816,112,,4,5,6,103,0,0,0,,0,9,MILVIA ST,STUART ST,0.00,,Y,A,-,N,,,,,,,,,,N,2,0,1,2,A,-,12,22450,A,N,D,G,A,A,H,-,A,A,0,,Y,,,Y,,L,4,1,0,0,0,0,0,1,0,0,- ,- ,37.858219146728500,-122.26923370361300,ALAMEDA,BERKELEY,-122.26924133300800,37.858211517334000
9641390,2023,2023-12-30,103,2023-10-26,1039,110,,4,5,6,103,0,0,0,,0,9,ALCATRAZ AV,ADELINE ST,0.00,,Y,A,-,N,,,,,,,,,,N,3,0,1,2,A,-,8,22107,,F,D,G,A,A,H,-,A,A,0,,Y,,,Y,,A,1,0,1,0,0,0,0,1,0,0,- ,- ,37.848751068115200,-122.27144622802700,ALAMEDA,BERKELEY,-122.27153015136700,37.848724365234400
9641391,2023,2023-12-23,103,2023-10-24,812,22,4001,2,5,6,103,0,0,0,,0,10,FAIRVIEW ST,CALIFORNIA ST,0.00,,Y,B,-,N,,,,,,,,,,N,3,0,1,2,A,-,12,22450,A,F,D,G,A,A,H,-,A,A,0,,Y,,,Y,,A,1,0,1,0,0,0,0,1,0,0,- ,- ,37.850181579589800,-122.27603149414100,ALAMEDA,BERKELEY,-122.2762451171880,37.849971771240200
9641392,2023,2023-12-30,103,2023-10-25,1010,107,3902,3,5,6,103,0,0,0,,0,8,ASHBY AV,COLBY ST,0.00,,Y,A,-,N,,,,,,,,,,Y,3,0,2,2,A,-,9,21801,A,N,D,C,A,A,H,-,A,A,0,,,,,Y,,A,1,0,2,0,0,0,0,0,0,0,- ,- ,37.856590270996100,-122.25711059570300,ALAMEDA,BERKELEY,-122.25794982910200,37.856410980224600
9641393,2023,2023-12-30,103,2023-10-21,209,20,,6,5,6,103,0,0,0,,0,6,CHANNING WY,DANA ST,0.00,,Y,A,-,N,,,,,,,,,,N,3,0,2,2,A,-,4,21703,,F,C,C,A,A,H,-,C,D,0,,,,,Y,,-,99,0,2,0,0,0,0,0,0,0,- ,- ,37.866611480712900,-122.26109313964800,ALAMEDA,BERKELEY,-122.26107025146500,37.866619110107400
9641394,2023,2023-12-30,103,2023-10-21,1439,S32,,6,5,6,103,0,0,0,,0,3,MLK JR,HEARST AV,0.00,,Y,A,-,N,,,,,,,,,,N,3,0,1,2,D,-,0,,,N,B,C,A,A,H,-,A,A,0,,,Y,,Y,,-,- ,0,1,0,0,0,0,0,0,1,- ,- ,37.873310089111300,-122.27320098877000,ALAMEDA,BERKELEY,-122.27320098877000,37.873332977294900
9641395,2023,2023-12-30,103,2023-10-19,900,145,,4,5,6,103,0,0,0,,0,9,MARTIN LUTHER KING JR WY,STUART ST,95.00,S,N,A,-,N,,,,,,,,,,Y,3,0,1,2,A,-,3,22350,,N,E,E,A,A,H,-,A,D,0,,,,,Y,,A,1,0,1,0,0,0,0,0,0,0,- ,- ,37.857490539550800,-122.27168273925800,ALAMEDA,BERKELEY,-122.27149200439500,37.857700347900400
9641396,2023,2023-12-30,103,2023-10-19,1720,149,3602,4,5,6,103,0,0,0,,0,8,TELEGRAPH AV,PARKER ST,0.00,,Y,A,-,N,,,,,,,,,,N,3,0,1,2,A,-,5,21202,A,N,D,G,A,-,H,-,-,D,0,,Y,,,Y,Y,L,4,0,1,0,0,0,0,1,0,0,- ,- ,37.863258361816400,-122.25868988037100,ALAMEDA,BERKELEY,-122.25871276855500,37.863235473632800
9641397,2023,2023-12-30,103,2023-10-18,1521,144,,3,5,6,103,0,0,0,,0,11,7TH ST,POTTER ST,0.00,,Y,A,-,N,,,,,,,,,,N,3,0,1,2,A,-,3,22350,,F,C,C,A,A,H,-,-,A,0,,,,,Y,,A,1,0,1,0,0,0,0,0,0,0,- ,- ,,,ALAMEDA,BERKELEY,-122.29123687744100,37.851535797119100
9641398,2023,2024-01-11,103,2023-10-18,1747,104,,3,5,6,103,0,0,0,,0,3,SAN PABLO AV,UNIVERSITY AV,0.00,,Y,A,-,Y,ALA,4,123,-,-,3.160,H,-,S,N,3,0,1,2,A,-,3,22350,,F,C,C,A,A,H,-,A,A,0,,,,,Y,,A,1,0,1,0,0,0,0,0,0,0,- ,- ,37.869098663330100,-122.29212188720700,ALAMEDA,BERKELEY,-122.29228973388700,37.869247436523400
9641399,2023,2023-12-30,103,2023-10-17,1648,122,,2,5,6,103,0,0,0,,0,1,ROSE ST,SHATTUCK AV,0.00,,Y,A,-,N,,,,,,,,,,N,3,0,1,2,A,-,17,22517,,N,H,G,A,A,H,-,A,D,0,,Y,,,Y,,A,1,0,1,0,0,0,0,1,0,0,- ,- ,37.88201904296880,-122.26953887939500,ALAMEDA,BERKELEY,-122.26953887939500,37.882026672363300
9641400,2023,2023-12-30,103,2023-10-18,927,160,34,3,5,6,103,0,0,0,,0,9,ASHBY AV,KING ST,0.00,,Y,A,-,N,,,,,,,,,,N,3,0,1,2,A,-,10,21950,A,F,G,B,B,A,H,-,A,A,0,Y,,,,Y,Y,-,99,0,1,0,0,1,0,0,0,0,- ,- ,37.853900909423800,-122.27423858642600,ALAMEDA,BERKELEY,-122.27423858642600,37.853900909423800
9641401,2023,2023-12-12,103,2023-10-13,619,55,40,5,5,6,103,0,0,0,,0,10,ALCATRAZ,SACRAMENTO,0.00,,Y,A,-,N,,,,,,,,,,N,4,0,1,2,A,-,9,21801,A,F,A,C,A,A,H,-,C,A,0,,,,,Y,,A,1,0,0,1,0,0,0,0,0,0,- ,- ,37.847900390625,-122.27774047851600,ALAMEDA,BERKELEY,-122.27783966064500,37.847915649414100
9641402,2023,2023-12-12,103,2023-10-13,936,112,,5,5,6,103,0,0,0,,0,13,6TH,HEARST AV,110.00,N,N,A,-,N,,,,,,,,,,N,4,0,1,2,A,-,21,22106,,N,D,C,A,A,H,-,A,A,0,,,,,Y,,A,1,0,0,1,0,0,0,0,0,0,- ,- ,37.870250701904300,-122.29843139648400,ALAMEDA,BERKELEY,-122.29819488525400,37.869609832763700
9641403,2023,2023-12-18,103,2023-10-17,917,150,,2,5,6,103,0,0,0,,0,12,SAN PABLO,ADDISON,0.00,,Y,A,-,Y,ALA,4,123,-,-,3.080,I,5,N,N,3,0,1,2,A,-,10,21950,A,N,G,B,B,A,H,-,A,A,0,Y,,,,Y,,A,1,0,1,0,0,1,0,0,0,0,- ,- ,37.868148803710900,-122.29151153564500,ALAMEDA,BERKELEY,-122.29180145263700,37.868129730224600
9641404,2023,2023-12-12,103,2023-10-12,909,112,,4,5,6,103,0,0,0,,0,9,SHATTUCK,DERBY,0.00,,Y,A,-,N,,,,,,,,,,N,4,0,1,2,A,-,4,21703,,N,C,C,A,A,H,-,A,A,0,,,,,Y,,A,7,0,0,1,0,0,0,0,0,0,- ,- ,37.859268188476600,-122.22673797607400,ALAMEDA,BERKELEY,-122.26712036132800,37.860336303710900
9641405,2023,2023-12-12,103,2023-10-10,1640,99,21,2,5,6,103,0,0,0,,0,13,10TH,DELAWARE,0.00,,Y,B,-,N,,,,,,,,,,N,3,0,1,2,A,-,12,22450,A,N,D,G,A,A,H,-,A,A,0,,Y,,,Y,,L,4,0,1,0,0,0,0,1,0,0,- ,- ,37.8714599609375,-122.22940826416000,ALAMEDA,BERKELEY,-122.29410552978500,37.871414184570300