CASE_ID,ACCIDENT_YEAR,PROC_DATE,JURIS,COLLISION_DATE,COLLISION_TIME,OFFICER_ID,REPORTING_DISTRICT,DAY_OF_WEEK,CHP_SHIFT,POPULATION,CNTY_CITY_LOC,SPECIAL_COND,BEAT_TYPE,CHP_BEAT_TYPE,CITY_DIVISION_LAPD,CHP_BEAT_CLASS,BEAT_NUMBER,PRIMARY_RD,SECONDARY_RD,DISTANCE,DIRECTION,INTERSECTION,WEATHER_1,WEATHER_2,STATE_HWY_IND,CALTRANS_COUNTY,CALTRANS_DISTRICT,STATE_ROUTE,ROUTE_SUFFIX,POSTMILE_PREFIX,POSTMILE,LOCATION_TYPE,RAMP_INTERSECTION,SIDE_OF_HWY,TOW_AWAY,COLLISION_SEVERITY,NUMBER_KILLED,NUMBER_INJURED,PARTY_COUNT,PRIMARY_COLL_FACTOR,PCF_CODE_OF_VIOL,PCF_VIOL_CATEGORY,PCF_VIOLATION,PCF_VIOL_SUBSECTION,HIT_AND_RUN,TYPE_OF_COLLISION,MVIW,PED_ACTION,ROAD_SURFACE,ROAD_COND_1,ROAD_COND_2,LIGHTING,CONTROL_DEVICE,CHP_ROAD_TYPE,PEDESTRIAN_ACCIDENT,BICYCLE_ACCIDENT,MOTORCYCLE_ACCIDENT,TRUCK_ACCIDENT,NOT_PRIVATE_PROPERTY,ALCOHOL_INVOLVED,STWD_VEHTYPE_AT_FAULT,CHP_VEHTYPE_AT_FAULT,COUNT_SEVERE_INJ,COUNT_VISIBLE_INJ,COUNT_COMPLAINT_PAIN,COUNT_PED_KILLED,COUNT_PED_INJURED,COUNT_BICYCLIST_KILLED,COUNT_BICYCLIST_INJURED,COUNT_MC_KILLED,COUNT_MC_INJURED,PRIMARY_RAMP,SECONDARY_RAMP,LATITUDE,LONGITUDE,COUNTY,CITY,POINT_X,POINT_Y
9651069,2023,2024-02-16,103,2023-11-15,1900,46,,3,5,6,103,0,0,0,,0,3,UNIVERSITY AV,SAN PABLO AV,0.00,,Y,B,-,Y,ALA,4,123,-,-,3.150,I,5,S,N,3,0,1,2,A,-,10,21950,A,F,G,B,B,-,H,-,-,A,0,Y,,,,Y,,D,22,0,1,0,0,1,0,0,0,0,- ,- ,37.869098663330100,-122.29212188720700,ALAMEDA,BERKELEY,-122.29224395752000,37.869098663330100
9651295,2023,2024-01-04,103,2023-10-31,1542,54,,2,5,6,103,0,0,0,,0,1,EUCLID,POPLAR ST,400.00,S,N,A,-,N,,,,,,,,,,N,3,0,1,2,A,-,3,22350,,N,C,G,A,A,E,-,A,D,0,,Y,,,Y,,L,4,0,1,0,0,0,0,1,0,0,- ,- ,37.896678924560500,-122.26614379882800,ALAMEDA,BERKELEY,-122.265625,37.896900177002000
9651298,2023,2024-01-04,103,2023-10-28,131,19,W,6,5,6,103,0,0,0,,0,4,FULTON,KITTRIDGE ST,57.00,S,N,A,-,N,,,,,,,,,,Y,3,0,1,1,A,-,1,23152,A,N,E,I,A,A,H,-,C,D,0,,,,,Y,Y,A,1,0,1,0,0,0,0,0,0,0,- ,- ,37.868991851806600,-122.26645660400400,ALAMEDA,BERKELEY,-122.26619720459000,37.868560791015600
9652081,2023,2024-02-02,103,2023-12-31,1753,23,29,7,5,6,103,0,0,0,,0,6,SHATTUCK AV,CHANNING,0.00,,Y,A,-,N,,,,,,,,,,Y,3,0,3,2,A,-,12,21457,A,N,D,C,A,A,H,-,C,A,0,,,,,Y,,A,1,0,3,0,0,0,0,0,0,0,- ,- ,37.865489959716800,-122.26799011230500,ALAMEDA,BERKELEY,-122.26761627197300,37.865779876709000
9652082,2023,2024-02-02,103,2023-12-31,814,150,,7,5,6,103,0,0,0,,0,7,CLAREMONT,AVALON AV,0.00,,Y,A,-,N,,,,,,,,,,Y,3,0,1,1,A,-,3,22350,,N,F,I,A,A,H,-,A,D,0,,,,,Y,,A,1,0,1,0,0,0,0,0,0,0,- ,- ,37.859821319580100,-122.24436950683600,ALAMEDA,BERKELEY,-122.24440002441400,37.859794616699200
9652083,2023,2024-03-15,103,2023-12-30,1757,69,24,6,5,6,103,0,0,0,,0,3,BERKELEY WY,MARTIN LUTHER KING JR WY,0.00,,Y,C,-,N,,,,,,,,,,N,3,0,1,2,A,-,10,21950,A,N,G,B,B,B,H,-,C,A,0,Y,,,,Y,,A,1,0,1,0,0,1,0,0,0,0,- ,- ,37.872451782226600,-122.27307891845700,ALAMEDA,BERKELEY,-122.27310943603500,37.872451782226600
9652084,2023,2024-02-05,103,2023-12-28,1837,42,,4,5,6,103,0,0,0,,0,3,UNIVERSITY,SACRAMENTO,0.00,,Y,A,-,N,,,,,,,,,,N,3,0,1,2,A,-,11,21456,B,F,G,B,B,A,H,-,C,A,0,Y,,,,Y,,N,60,0,1,0,0,1,0,0,0,0,- ,- ,37.870410919189500,-122.28193664550800,ALAMEDA,BERKELEY,-122.28204345703100,37.870460510253900
9652085,2023,2024-02-05,103,2023-12-28,1206,S31,15,4,5,6,103,0,0,0,,0,2,EUCLID AV,KEITH AV,158.00,S,N,A,-,N,,,,,,,,,,Y,3,0,1,2,A,-,8,22107,,N,E,E,A,A,H,-,A,A,0,,,,,Y,,A,1,0,1,0,0,0,0,0,0,0,- ,- ,,,ALAMEDA,BERKELEY,-122.26280975341800,37.890277862548800
9652086,2023,2024-02-05,103,2023-12-27,1914,155,,3,5,6,103,0,0,0,,0,14,CEDAR AV,10TH,0.00,,Y,C,-,N,,,,,,,,,,Y,3,0,1,2,A,-,9,21802,A,N,D,C,A,B,H,-,A,D,0,,,,,Y,,A,1,0,1,0,0,0,0,0,0,0,- ,- ,37.874980926513700,-122.29527282714800,ALAMEDA,BERKELEY,-122.29525756835900,37.874977111816400
9652087,2023,2024-02-05,103,2023-12-22,1239,150,,5,5,6,103,0,0,0,,0,1,LA VEREDA RD,LA LOMA AV,0.00,,Y,A,-,N,,,,,,,,,,Y,3,0,1,3,A,-,3,22350,,N,H,J,A,A,H,-,A,D,0,,,,,Y,,A,1,0,1,0,0,0,0,0,0,0,- ,- ,37.880550384521500,-122.25810241699200,ALAMEDA,BERKELEY,-122.25808715820300,37.880523681640600
9652088,2023,2024-02-05,103,2023-12-22,1032,26,,5,5,6,103,0,0,0,,0,14,CORNELL AV,HOPKINS ST,0.00,,Y,A,-,N,,,,,,,,,,Y,3,0,1,2,A,-,9,21802,A,N,D,C,A,A,H,-,A,A,0,,,,,Y,,A,1,0,1,0,0,0,0,0,0,0,- ,- ,37.876419067382800,-122.29174041748000,ALAMEDA,BERKELEY,-122.29173278808600,37.876445770263700
9652089,2023,2024-02-05,103,2023-12-21,1838,145,,4,5,6,103,0,0,0,,0,1,HOPKINS ST,SUTTER ST,0.00,,Y,A,-,N,,,,,,,,,,N,3,0,1,2,A,-,9,21801,A,N,D,G,A,A,H,-,C,A,0,,Y,,,Y,,L,4,0,1,0,0,0,0,1,0,0,- ,- ,37.888858795166000,-122.27237701416000,ALAMEDA,BERKELEY,-122.27239227294900,37.88848876953130
9652090,2023,2024-02-05,103,2023-12-20,1608,30,,3,5,6,103,0,0,0,,0,2,THE ALAMEDA,LOS ANGELES AV,0.00,,Y,A,-,N,,,,,,,,,,N,4,0,1,1,A,-,3,22350,,N,H,J,A,B,H,-,A,D,0,,Y,,,Y,,L,4,0,0,1,0,0,0,1,0,0,- ,- ,37.890048980712900,-122.27677917480500,ALAMEDA,BERKELEY,-122.27680969238300,37.890090942382800
9652091,2023,2024-02-05,103,2023-12-20,1100,75,,3,5,6,103,0,0,0,,0,9,ALCATRAZ,ADELINE AV,0.00,,Y,C,-,N,,,,,,,,,,N,3,0,1,2,A,-,3,22350,,F,C,C,A,B,H,-,A,D,0,,,,,Y,,A,1,0,1,0,0,0,0,0,0,0,- ,- ,,,ALAMEDA,BERKELEY,-122.27153015136700,37.848724365234400
9652092,2023,2024-02-05,103,2023-12-19,2319,70,,2,5,6,103,0,0,0,,0,13,CEDAR ST,2ND ST,0.00,,Y,B,-,N,,,,,,,,,,N,3,0,1,2,A,-,12,22450,A,N,A,G,A,B,A,-,C,C,0,,Y,,,Y,,A,1,0,1,0,0,0,0,1,0,0,- ,- ,37.873191833496100,-122.3040771484380,ALAMEDA,BERKELEY,-122.30406188964800,37.873180389404300
9652093,2023,2024-02-05,103,2023-12-19,1849,94,39(01,2,5,6,103,0,0,0,,0,8,WEBSTER,DOWLING PL,0.00,,Y,A,-,N,,,,,,,,,,N,3,0,1,2,A,-,9,21801,A,N,D,C,A,A,-,-,C,D,0,,,,,Y,,A,1,0,1,0,0,0,0,0,0,0,- ,- ,37.855190277099600,-122.25981140136700,ALAMEDA,BERKELEY,,
9652094,2023,2024-02-05,103,2023-12-17,1907,55,,7,5,6,103,0,0,0,,0,1,EUCLID AV,CEDAR AV,0.00,,Y,A,-,N,,,,,,,,,,Y,3,0,1,2,A,-,9,21801,A,N,D,C,A,A,H,-,C,A,0,,,,,Y,,A,1,0,1,0,0,0,0,0,0,0,- ,- ,37.879470825195300,-122.26104736328100,ALAMEDA,BERKELEY,-122.26103973388700,37.879470825195300
9652095,2023,2024-02-05,103,2023-12-15,1504,55,,5,5,6,103,0,0,0,,0,1,HEARST AV,GAYLEY,0.00,,Y,A,-,N,,,,,,,,,,N,3,0,1,2,A,-,21,22106,,N,D,D,A,A,H,-,A,A,0,,,Y,,Y,,C,2,0,1,0,0,0,0,0,0,1,- ,- ,37.875518798828100,-122.25678253173800,ALAMEDA,BERKELEY,-122.25677490234400,37.875537872314500
9652096,2023,2024-02-05,103,2023-12-15,853,150,,5,5,6,103,0,0,0,,0,7,PIEDMONT AV,CHANNING WY,0.00,,Y,A,-,N,,,,,,,,,,Y,3,0,1,1,A,-,8,22107,,N,A,I,A,A,H,-,A,D,0,,,,,Y,,A,1,0,1,0,0,0,0,0,0,0,- ,- ,37.867759704589800,-122.25203704834000,ALAMEDA,BERKELEY,-122.25205993652300,37.867706298828100
9652097,2023,2024-02-05,103,2023-12-15,20,38,,5,5,6,103,0,0,0,,0,1,MARIN AV,REGAL RD,0.00,,Y,A,-,N,,,,,,,,,,N,3,0,1,2,A,-,9,21802,A,N,D,C,A,-,H,-,C,A,0,,,,,Y,,A,1,0,1,0,0,0,0,0,0,0,- ,- ,37.894489288330100,-122.26560974121100,ALAMEDA,BERKELEY,-122.26560211181600,37.894508361816400
9652098,2023,2024-02-05,103,2023-12-14,140,70,,4,5,6,103,0,0,0,,0,13,2ND ST,PAGE ST,225.00,E,N,A,-,N,,,,,,,,,,N,3,0,1,2,A,-,0,23103,A,F,G,B,E,A,G,-,C,D,0,Y,,,,Y,Y,A,1,0,1,0,0,1,0,0,0,0,- ,- ,37.875541687011700,-122.30481719970700,ALAMEDA,BERKELEY,-122.30463409423800,37.874931335449200
9652099,2023,2024-02-05,103,2023-12-12,1846,87,25,2,5,6,103,0,0,0,,0,1,RIDGE,LE ROY,0.00,,Y,A,-,N,,,,,,,,,,N,3,0,1,2,A,-,12,22450,A,N,D,G,A,A,H,-,D,A,0,,Y,,,Y,,L,4,0,1,0,0,0,0,1,0,0,- ,- ,37.876270294189500,-122.25849914550800,ALAMEDA,BERKELEY,-122.25849151611300,37.876285552978500
9652100,2023,2024-02-05,103,2023-12-12,1157,87,13,2,5,6,103,0,0,0,,0,1,SOLANO,COLUSA,0.00,,Y,A,-,N,,,,,,,,,,N,3,0,1,2,A,-,6,21750,,N,D,G,A,A,H,-,A,D,0,,Y,,,Y,,L,4,0,1,0,0,0,0,1,0,0,- ,- ,37.890659332275400,-122.27837371826200,ALAMEDA,BERKELEY,-122.27984619140600,37.891342163085900
9652101,2023,2024-01-30,103,2023-12-07,2330,20,,4,5,6,103,0,0,0,,0,1,HEARST,LE CONTE,0.00,,Y,A,-,N,,,,,,,,,,N,3,0,1,1,A,-,3,22350,,N,E,I,A,A,H,-,C,D,0,,Y,,,Y,Y,L,4,0,1,0,0,0,0,1,0,0,- ,- ,37.874599456787100,-122.26396179199200,ALAMEDA,BERKELEY,-122.26396179199200,37.87457275390630
9652102,2023,2024-01-30,103,2023-12-07,1335,85,32,4,5,6,103,0,0,0,,0,5,CHANNING,JEFFERSON,0.00,,Y,C,-,N,,,,,,,,,,Y,4,0,2,2,A,-,9,21802,A,N,D,C,A,B,H,-,A,A,0,,,,,Y,,A,1,0,0,2,0,0,0,0,0,0,- ,- ,37.86444091796880,-122.27796173095700,ALAMEDA,BERKELEY,-122.27796936035200,37.86444091796880
9652103,2023,2024-01-30,103,2023-12-07,1112,61,29,4,5,6,103,0,0,0,,0,6,SHATTUCK,CHANNING,0.00,,Y,A,-,N,,,,,,,,,,N,3,0,1,2,A,-,8,22107,,N,B,C,A,A,H,-,A,A,0,,,Y,,Y,,A,1,0,1,0,0,0,0,0,0,1,- ,- ,37.865779876709000,-122.267578125,ALAMEDA,BERKELEY,-122.26761627197300,37.865779876709000
9652104,2023,2024-01-30,103,2023-12-07,832,S31,3901,4,5,6,103,0,0,0,,0,11,ADELINE,FAIRVIEW,0.00,,Y,A,-,N,,,,,,,,,,Y,3,0,1,2,A,-,9,21801,A,N,D,C,A,A,H,-,A,A,0,,,,,Y,,A,1,0,1,0,0,0,0,0,0,0,- ,- ,,,ALAMEDA,BERKELEY,-122.27077484130900,37.850677490234400
9652105,2023,2024-01-30,103,2023-12-06,2147,33,,3,5,6,103,0,0,0,,0,3,GRANT,UNIVERSITY,0.00,,Y,A,-,N,,,,,,,,,,Y,3,0,2,2,A,-,9,21802,A,N,D,C,A,B,H,-,C,A,0,,,,,Y,,A,1,0,2,0,0,0,0,0,0,0,- ,- ,37.871261596679700,-122.27523803710900,ALAMEDA,BERKELEY,-122.27527618408200,37.871334075927700
9652106,2023,2024-01-30,103,2023-12-05,2114,24,,2,5,6,103,0,0,0,,0,3,SHATTUCK,UNIVERSITY,0.00,,Y,A,-,N,,,,,,,,,,N,3,0,1,2,A,-,4,21703,,F,C,C,A,A,H,-,C,A,0,,,,,Y,,A,1,0,1,0,0,0,0,0,0,0,- ,- ,37.871250152587900,-122.26769256591800,ALAMEDA,BERKELEY,-122.26841735839800,37.872100830078100
9652107,2023,2024-01-30,103,2023-12-05,1838,30,,2,5,6,103,0,0,0,,0,2,COLUSA,MONTEREY,0.00,,Y,A,-,N,,,,,,,,,,N,3,0,2,2,A,-,1,23152,A,N,D,D,A,A,H,-,C,A,0,,,,,Y,Y,A,1,0,2,0,0,0,0,0,0,0,- ,- ,37.886890411377000,-122.27857971191400,ALAMEDA,BERKELEY,-122.27912139892600,37.886875152587900
9652108,2023,2024-01-30,103,2023-12-05,1027,42,,2,5,6,103,0,0,0,,0,3,UNIVERSITY,SACRAMENTO ST,20.00,W,N,A,-,N,,,,,,,,,,N,3,0,1,2,A,-,3,22350,,F,C,C,A,A,H,-,A,A,0,,,,,Y,,A,1,0,1,0,0,0,0,0,0,0,- ,- ,37.8709716796875,-122.27749633789100,ALAMEDA,BERKELEY,-122.28211212158200,37.870452880859400
9652109,2023,2024-01-30,103,2023-12-04,1941,30,,1,5,6,103,0,0,0,,0,2,CEDAR,BONITA,0.00,,Y,A,-,N,,,,,,,,,,Y,3,0,1,2,A,-,10,21950,A,N,G,B,B,A,-,-,C,D,0,Y,,,,Y,,A,1,0,1,0,0,1,0,0,0,0,- ,- ,37.877979278564500,-122.27255249023400,ALAMEDA,BERKELEY,-122.27254486084000,37.877975463867200
9652110,2023,2024-01-30,103,2023-12-04,1831,94,37,1,5,6,103,0,0,0,,0,7,DERBY,CLAREMONT,0.00,,Y,A,-,N,,,,,,,,,,N,3,0,1,2,A,-,11,21456,A,N,G,B,B,A,H,-,C,A,0,Y,,,,Y,,N,60,0,1,0,0,1,0,0,0,0,- ,- ,37.862480163574200,-122.24706268310500,ALAMEDA,BERKELEY,-122.24705505371100,37.86248779296880
9652111,2023,2024-01-30,103,2023-12-03,556,12,,7,5,6,103,0,0,0,,0,3,UNIVERSITY,MARTIN LUTHER KING JR,0.00,,Y,A,-,N,,,,,,,,,,N,4,0,1,2,A,-,11,21954,A,F,G,B,F,A,H,-,C,D,0,Y,,,,Y,Y,N,60,0,0,1,0,1,0,0,0,0,- ,- ,37.871528625488300,-122.27340698242200,ALAMEDA,BERKELEY,-122.27300262451200,37.871524810791000
9652112,2023,2024-01-30,103,2023-12-02,1034,12,,6,5,6,103,0,0,0,,0,13,GILMAN,10TH,0.00,,Y,C,-,N,,,,,,,,,,,3,0,1,2,A,-,4,21703,,N,C,C,A,B,H,-,A,A,0,,,,,Y,,A,1,0,1,0,0,0,0,0,0,0,- ,- ,37.8802490234375,-122.29695892334000,ALAMEDA,BERKELEY,-122.29696655273400,37.880252838134800
9652113,2023,2024-01-30,103,2023-12-01,2030,64,,5,5,6,103,0,0,0,,0,12,ADDISON,5TH,0.00,,Y,A,-,N,,,,,,,,,,N,4,0,1,2,A,-,8,22107,,F,D,G,A,A,H,-,C,A,0,,Y,,,Y,,A,1,0,0,1,0,0,0,1,0,0,- ,- ,37.866470336914100,-122.29840087890600,ALAMEDA,BERKELEY,-122.29837799072300,37.866455078125
9652130,2023,2024-01-30,103,2023-11-19,2133,57,28,7,5,6,103,0,0,0,,0,6,HASTE,TELEGRAPH,0.00,,Y,A,-,N,,,,,,,,,,,3,0,1,2,A,-,12,21453,A,F,G,B,B,A,H,-,C,A,0,Y,,,,Y,,A,1,0,1,0,0,1,0,0,0,0,- ,- ,37.866008758544900,-122.25862121582000,ALAMEDA,BERKELEY,-122.25865173339800,37.866031646728500
9652131,2023,2024-01-30,103,2023-11-08,2000,18,,3,5,6,103,0,0,0,,0,8,CARLETON,FULTON,0.00,,Y,A,-,N,,,,,,,,,,Y,4,0,2,2,A,-,9,21802,A,N,D,C,A,-,H,-,D,A,0,,,,,Y,,A,7,0,0,2,0,0,0,0,0,0,- ,- ,37.861568450927700,-122.26467895507800,ALAMEDA,BERKELEY,-122.26467895507800,37.861568450927700
9652831,2023,2024-02-01,103,2023-12-06,1225,1,23,3,5,6,103,0,0,0,,0,2,CALIFORNIA,HEARST,0.00,,Y,B,C,N,,,,,,,,,,N,3,0,1,2,A,-,12,22450,A,N,D,G,A,D,H,-,A,A,0,,Y,,,Y,,L,4,0,1,0,0,0,0,1,0,0,- ,- ,37.872428894043000,-122.27989959716800,ALAMEDA,BERKELEY,-122.27994537353500,37.872421264648400
9652832,2023,2024-02-01,103,2023-12-31,1120,S28,,7,5,6,103,0,0,0,,0,14,GILMAN,10TH ST,50.00,E,N,B,-,N,,,,,,,,,,,4,0,1,2,A,-,8,22107,,N,B,C,A,A,H,-,A,D,0,,,,,Y,,D,22,0,0,1,0,0,0,0,0,0,- ,- ,,,ALAMEDA,BERKELEY,-122.29679870605500,37.880283355712900
9652835,2023,2024-02-01,103,2023-12-04,1529,104,,1,5,6,103,0,0,0,,0,13,VIRGINIA,9TH,0.00,,Y,A,-,N,,,,,,,,,,N,3,0,1,2,A,-,9,21802,A,N,D,G,A,A,H,-,A,A,0,,Y,,,Y,,L,4,0,1,0,0,0,0,1,0,0,- ,- ,37.873001098632800,-122.29580688476600,ALAMEDA,BERKELEY,-122.29581451416000,37.872970581054700
9652840,2023,2024-02-01,103,2023-12-22,1803,149,4001,5,5,6,103,0,0,0,,0,10,ASHBY,SACRAMENTO,0.00,,Y,A,-,N,,,,,,,,,,N,3,0,1,2,A,-,8,22107,,N,B,C,A,A,H,-,-,A,0,,,,,Y,,M,94,0,1,0,0,0,0,0,0,0,- ,- ,37.853279113769500,-122.27900695800800,ALAMEDA,BERKELEY,-122.27906799316400,37.853279113769500
9652844,2023,2024-02-01,103,2023-12-13,1654,144,,3,5,6,103,0,0,0,,0,13,EASTSHORE,CEDAR ST,200.00,S,N,A,-,N,,,,,,,,,,Y,2,0,1,2,A,-,9,21804,A,N,D,C,A,A,D,-,C,D,0,,,Y,,Y,,D,22,1,0,0,0,0,0,0,0,1,- ,- ,,,ALAMEDA,BERKELEY,-122.30507659912100,37.872402191162100
9652847,2023,2024-02-01,103,2023-11-11,1910,1,24,6,5,6,103,0,0,0,,0,2,UNIVERSITY,SHATTUCK AV,0.00,,Y,A,-,N,,,,,,,,,,N,3,0,1,2,A,-,3,22350,,F,C,C,A,A,H,-,C,D,0,,,,,Y,,D,22,0,1,0,0,0,0,0,0,0,- ,- ,37.877231597900400,-122.27828979492200,ALAMEDA,BERKELEY,-122.26841735839800,37.872100830078100
9652848,2023,2024-02-01,103,2023-12-28,1409,112,,4,5,6,103,0,0,0,,0,4,SHATTUCK,BERKELEY SQ,0.00,,Y,A,-,N,,,,,,,,,,Y,3,0,1,3,A,-,21,22106,,N,G,B,F,A,H,-,A,A,0,Y,,,,Y,,A,1,0,1,0,0,1,0,0,0,0,- ,- ,37.871078491210900,-122.26793670654300,ALAMEDA,BERKELEY,-122.26828765869100,37.87115478515630
9652852,2023,2024-02-01,103,2023-12-14,2012,33,,4,5,6,103,0,0,0,,0,11,10TH,ADDISON ST,163.00,S,N,A,-,N,,,,,,,,,,N,3,0,1,2,A,-,3,22350,,F,B,E,A,A,H,-,C,D,0,,,,,Y,,A,1,0,1,0,0,0,0,0,0,0,- ,- ,37.867149353027300,-122.29241180419900,ALAMEDA,BERKELEY,-122.29273986816400,37.867160797119100
9656242,2023,2024-01-25,103,2023-11-09,1159,101,,4,5,6,103,0,0,0,,0,14,SAN PABLO AV,GILMAN,0.00,,Y,A,-,Y,ALA,4,123,-,-,3.480,I,5,S,Y,3,0,1,2,A,-,12,21453,A,N,D,C,A,A,H,-,A,A,0,,,,,Y,,A,1,0,1,0,0,0,0,0,0,0,- ,- ,,,ALAMEDA,BERKELEY,-122.29367065429700,37.873592376709000
9656246,2023,2024-01-25,103,2023-11-03,2343,S32,,5,5,6,103,0,0,0,,0,9,MARTIN LUTHER KING JR WY,ASHBY AV,0.00,,Y,A,-,Y,ALA,4,13,-,-,12.320,I,5,N,Y,3,0,3,2,A,-,1,23152,G,N,D,C,A,A,H,-,C,A,0,,,,,Y,Y,A,1,0,3,0,0,0,0,0,0,0,- ,- ,37.854419708252000,-122.2713623046880,ALAMEDA,BERKELEY,-122.27113342285200,37.854282379150400
9656250,2023,2024-01-25,103,2023-11-25,215,10,20,6,5,6,103,0,0,0,,0,11,7TH,ASHBY,0.00,,Y,A,-,Y,ALA,4,13,-,-,13.440,I,5,S,Y,3,0,1,2,A,-,9,21801,A,N,D,C,A,A,H,-,B,D,0,,,,,Y,,A,1,0,1,0,0,0,0,0,0,0,- ,- ,37.851009368896500,-122.29109954834000,ALAMEDA,BERKELEY,-122.29109954834000,37.851036071777300
9656254,2023,2024-01-25,103,2023-11-26,1035,64,,7,5,6,103,0,0,0,,0,11,GRAYSON ST,7TH ST,0.00,,Y,A,-,N,,,,,,,,,,N,4,0,1,2,A,-,8,22107,,N,D,G,A,A,H,-,A,A,0,,Y,,,Y,,A,1,0,0,1,0,0,0,1,0,0,- ,- ,37.855300903320300,-122.29247283935500,ALAMEDA,BERKELEY,-122.29248809814500,37.85528564453130
9656258,2023,2024-02-16,103,2023-11-28,1720,107,34,2,5,6,103,0,0,0,,0,9,MARTIN LUTHER KING JR WY,RT 13,0.00,,Y,A,-,Y,ALA,4,13,-,-,12.320,I,5,N,Y,2,0,1,2,A,-,9,21801,A,N,D,C,A,A,H,-,B,A,0,,,Y,,Y,,A,1,1,0,0,0,0,0,0,0,1,- ,- ,37.854320526123000,-122.27108001709000,ALAMEDA,BERKELEY,-122.27113342285200,37.854282379150400
9656269,2023,2024-01-25,103,2023-08-03,21,70,,4,5,6,103,0,0,0,,0,9,ASHBY AV,MARTIN LUTHER KING JR WY,0.00,,Y,A,-,Y,ALA,4,13,-,-,12.320,I,5,S,Y,3,0,3,2,A,-,12,21453,A,N,D,C,A,A,H,-,C,A,0,,,,,Y,,A,1,0,3,0,0,0,0,0,0,0,- ,- ,37.854320526123000,-122.27108001709000,ALAMEDA,BERKELEY,-122.27113342285200,37.854282379150400
9656285,2023,2024-01-25,103,2023-10-31,1150,84,3601,2,5,6,103,0,0,0,,0,8,TELEGRAPH,ASHBY AV,0.00,,Y,A,-,Y,ALA,4,13,-,-,11.610,I,5,S,N,4,0,1,2,A,-,12,21453,A,N,D,G,A,A,H,-,A,A,0,,Y,,,Y,,L,4,0,0,1,0,0,0,1,0,0,- ,- ,37.856189727783200,-122.25966644287100,ALAMEDA,BERKELEY,-122.25969696044900,37.856155395507800
9656290,2023,2024-02-16,103,2023-11-01,130,90,,3,5,6,103,0,0,0,,0,11,DWIGHT WY,RT 123,0.00,,Y,A,-,Y,ALA,4,123,-,-,2.570,I,5,S,Y,4,0,2,2,A,-,1,23153,G,N,D,C,A,A,H,-,C,A,0,,,,,Y,Y,A,1,0,0,2,0,0,0,0,0,0,- ,- ,37.861091613769500,-122.28955078125,ALAMEDA,BERKELEY,-122.28966522216800,37.861110687255900
9656313,2023,2024-01-25,103,2023-11-19,1733,15,,7,5,6,103,0,0,0,,0,11,SAN PABLO,DWIGHT WY,110.00,N,N,A,-,Y,ALA,4,123,-,-,2.590,H,-,N,N,2,0,1,1,C,-,18,,,N,H,J,A,A,A,-,C,D,0,,Y,,,Y,,-,- ,1,0,0,0,0,0,1,0,0,- ,- ,37.861900329589800,-122.2901611328130,ALAMEDA,BERKELEY,-122.28961944580100,37.861408233642600
9656317,2023,2024-01-25,103,2023-11-16,1338,107,35,4,5,6,103,0,0,0,,0,9,MARTIN LUTHER KING JR WY,ASHBY AV,280.00,N,N,A,-,N,,,,,,,,,,Y,3,0,1,3,A,-,1,23152,F,N,B,E,A,A,A,-,A,A,0,,,,,Y,,A,1,0,1,0,0,0,0,0,0,0,- ,- ,37.855148315429700,-122.27091217041000,ALAMEDA,BERKELEY,-122.27079010009800,37.854331970214800